
{ 
  "nn_path":  "Model/TinyCar-5.pt",

  "vx_max" :  3.8,
  "vy_max" :  3.1245424462917724,
  "r_max"  :  8.719993259425584,
  "D_max"  :  1.0,
  "delta_max": 1.0,
  "dvx_max" : 4.817381626032022,
  "dvy_max" : 20.468612620750005,
  "dr_max" : 404.9977860318645,

  "vx_min" :  0.01,
  "vy_min" : -2.6430163137599214,
  "r_min"  : -7.747686309288358,
  "D_min"  : -0.1,
  "delta_min": -1.0,
  "dvx_min"  : -17.111876276916277,
  "dvy_min" : -18.887831724653832,
  "dr_min" : -407.3897775552517,

  "vx_zero": 0.05,
  
  "Cm1" : 0.287,
  "Cm2" : 0.0545,

  "Cr0" : 0.0518,
  "Cr2" : 0.00035,

  "Br" 	: 3.3852,
  "Cr" 	: 1.2691,
  "Dr" 	: 0.1737,

  "Bf"	: 2.579,
  "Cf" 	: 1.2,
  "Df" 	: 0.192,

  "m" 	: 0.041,
  "Iz" 	: 27.8E-6,
  "lf" 	: 0.029,
  "lr" 	: 0.033,

  "car_l": 0.06,
  "car_w": 0.03,

  "g"   : 9.81,

  "R_in" : 0.14,
  "R_out" : 0.14,

  "max_dist_proj": 0.2,

  "E_long" : 0.9,
  "E_eps" : 0.95,

  "maxAlpha" : 0.6,

  "initial_velocity" : 1.0,
  "s_trust_region" : 0.2,

}